{"fitness":2,"jumps":[{"nearestCactus":{"type":1,"position":{"x":9.18280029296875,"y":-0.09560000151395798}},"distanceToNearestCactus":{"x":8.23585033416748,"y":0.009400025010108948}},{"nearestCactus":{"type":1,"position":{"x":9.18280029296875,"y":-0.09560000151395798}},"distanceToNearestCactus":{"x":1.5600061416625977,"y":0.009400025010108948}},{"nearestCactus":{"type":2,"position":{"x":14.246000289916993,"y":-0.09600000083446503}},"distanceToNearestCactus":{"x":1.880620002746582,"y":0.009005509316921234}},{"nearestCactus":{"type":3,"position":{"x":25.05900001525879,"y":-0.0820000022649765}},"distanceToNearestCactus":{"x":7.388704299926758,"y":0.02300059050321579}}]}
