{"fitness":0,"jumps":[{"nearestCactus":{"type":1,"position":{"x":9.18280029296875,"y":-0.09560000151395798}},"distanceToNearestCactus":{"x":2.5162506103515627,"y":0.009400025010108948}}]}
