{"fitness":1,"jumps":[{"nearestCactus":{"type":1,"position":{"x":9.18280029296875,"y":-0.09560000151395798}},"distanceToNearestCactus":{"x":2.168980121612549,"y":-0.0002485811710357666}},{"nearestCactus":{"type":2,"position":{"x":14.246000289916993,"y":-0.09600000083446503}},"distanceToNearestCactus":{"x":0.5563220977783203,"y":0.009000025689601899}}]}
